[
  {
    "url": "https://streamlabs.com",
    "img": "https://images.opencollective.com/streamlabs/63ce158/logo.jpg",
    "alt": "Streamlabs"
  },
  {
    "url": "https://icons8.com/",
    "img": "https://images.opencollective.com/icons8/7fa1641/logo.jpg",
    "alt": "Icons8"
  },
  {
    "url": "https://bitcasino.io",
    "img": "https://images.opencollective.com/bitcasino/fd9ebb5/logo.jpg",
    "alt": "Bitcasino"
  },
  {
    "url": "https://casino-professor.com/",
    "img": "https://images.opencollective.com/casino-professor/9e870a2/logo.jpg",
    "alt": "Casino Professor"
  },
  {
    "url": "https://www.minitool.com",
    "img": "https://images.opencollective.com/admin-minitool/1900ab2/avatar.jpg",
    "alt": "Admin MiniTool"
  },
  {
    "url": "https://www.credimaxx.de/",
    "img": "https://images.opencollective.com/credimaxx-r-gmbh/586d178/logo.jpg",
    "alt": "CrediMaxx® GmbH"
  },
  {
    "url": "https://casinogringos.se",
    "img": "https://images.opencollective.com/casinogringos/1c1782c/logo.jpg",
    "alt": "Casinogringos"
  },
  {
    "url": "https://www.bestecasinobonussen.nl/",
    "img": "https://images.opencollective.com/bestecasinobonussen/26bfc24/logo.jpg",
    "alt": "Bestecasinobonussen.nl"
  },
  {
    "url": "https://www.kasinohai.com/nettikasinot",
    "img": "https://images.opencollective.com/kasinohai-com/41d4f51/logo.jpg",
    "alt": "Kasinohai.com"
  },
  {
    "url": "https://goread.io/buy-instagram-followers",
    "img": "https://images.opencollective.com/goread_io/eb6337d/logo.jpg",
    "alt": "Goread.io"
  },
  {
    "url": "https://casinority.com/au/",
    "img": "https://images.opencollective.com/casinority-australia/6f18bae/avatar.jpg",
    "alt": "Casinority Australia"
  },
  {
    "url": "https://writingmetier.com",
    "img": "https://images.opencollective.com/writing-metier/762e081/logo.jpg",
    "alt": "Writing Metier"
  },
  {
    "url": "https://socialsup.net/",
    "img": "https://images.opencollective.com/socials-up/ada6412/logo.jpg",
    "alt": "SocialsUp"
  },
  {
    "url": "https://www.auscasinos.org/",
    "img": "https://images.opencollective.com/auscasinos/8df0f47/logo.jpg",
    "alt": "AusCasinos"
  },
  {
    "url": "https://www.casinotest.com/",
    "img": "https://images.opencollective.com/casinotest-ltd/7e3c899/logo.png",
    "alt": "CasinoTest Ltd."
  },
  {
    "url": "https://casino.guide/",
    "img": "https://images.opencollective.com/casino-guide/0861019/logo.jpg",
    "alt": "Casino.Guide"
  },
  {
    "url": "https://www.casinoonlineaams.com",
    "img": "https://images.opencollective.com/casinoonlineaamscom/c59b0fd/logo.jpg",
    "alt": "Casinoonlineaams.com"
  },
  {
    "url": "https://www.uudetkasinot.com",
    "img": "https://images.opencollective.com/uudetkasinot-com/01a3658/logo.jpg",
    "alt": "uudetkasinot.com"
  },
  {
    "url": "https://www.whitehatcasinos.com",
    "img": "https://images.opencollective.com/whitehatcasinos-com/0fee63f/logo.jpg",
    "alt": "WhiteHatCasinos.com"
  },
  {
    "url": "https://zamsino.com/uk/free-spins-no-deposit/",
    "img": "https://images.opencollective.com/erik-king/avatar.jpg",
    "alt": "Erik King"
  },
  {
    "url": "https://www.voetbalgokken.nl",
    "img": "https://images.opencollective.com/voetbalgokken1/02ab67f/logo.jpg",
    "alt": "VoetbalGokken"
  },
  {
    "url": "https://www.cryptonewsz.com/",
    "img": "https://images.opencollective.com/cryptonewsz/f50c823/logo.jpg",
    "alt": "CryptoNewsZ"
  },
  {
    "url": "https://www.wizardslots.com",
    "img": "https://images.opencollective.com/wizard-slots/19381ef/logo.jpg",
    "alt": "Wizard Slots"
  },
  {
    "url": "https://www.onlinecasinosdeutschland.de/",
    "img": "https://images.opencollective.com/onlinecasinosdeutschland/03ec330/avatar.jpg",
    "alt": "www.onlinecasinosdeutschland.de"
  },
  {
    "url": "https://aspireglobalcasinos.com/",
    "img": "https://images.opencollective.com/aspire-global-casinos/cdf583d/logo.jpg",
    "alt": "Aspire Global Casinos"
  },
  {
    "url": "https://parimatch.in/",
    "img": "https://images.opencollective.com/seo-pmi/768ffc5/avatar.jpg",
    "alt": "Parimatch India"
  },
  {
    "url": "https://www.automatenspiele.org/",
    "img": "https://images.opencollective.com/guest-f6c2cab7/3a3f6a4/avatar.jpg",
    "alt": "automatenspiele.org"
  },
  {
    "url": "https://playcasinoscanada.com/",
    "img": "https://images.opencollective.com/playcasinoscanadacom/69b4a7c/logo.jpg",
    "alt": "Playcasinoscanada.com"
  },
  {
    "url": "https://poprey.com/",
    "img": "https://images.opencollective.com/instagram-likes/2a72a03/avatar.jpg",
    "alt": "Poprey.com"
  },
  {
    "url": "https://777.ua/",
    "img": "https://images.opencollective.com/777ua/9f0d388/logo.jpg",
    "alt": "777"
  },
  {
    "url": "https://onlinecasino.in.ua/",
    "img": "https://images.opencollective.com/online-casino-ua/175e529/logo.jpg",
    "alt": "Онлайн Казино Украины"
  },
  {
    "url": "https://www.casimba.com/en-gb/",
    "img": "https://images.opencollective.com/casimba-casino/0506d6d/logo.jpg",
    "alt": "Casimba Casino"
  },
  {
    "url": "https://www.sure.bet/casinos-not-on-gamstop/",
    "img": "https://images.opencollective.com/surebet/a2fecb2/avatar.jpg",
    "alt": "SureBet"
  },
  {
    "url": "https://cryptotracker.com",
    "img": "https://images.opencollective.com/crypto-tracker/b258378/logo.jpg",
    "alt": "Crypto Tracker"
  },
  {
    "url": "https://www.socialboosting.com/buy-tiktok-followers",
    "img": "https://images.opencollective.com/socialboosting/cd1f0f0/logo.jpg",
    "alt": "SocialBoosting.com"
  },
  {
    "url": "https://www.noneedtostudy.com/take-my-online-class/",
    "img": "/images/sponsors/noneedtostudy.png",
    "alt": "Pay someone to take my online class - NoNeedToStudy.com"
  },
  {
    "url": "https://uk.nongamstopcasinos.net/",
    "img": "https://images.opencollective.com/nongamstopcasinosnet/4f744a2/avatar.jpg",
    "alt": "nongamstopcasinos.net"
  },
  {
    "url": "https://www.allfreechips.com",
    "img": "https://images.opencollective.com/allfreechips/130613e/logo.jpg",
    "alt": "Allfreechips"
  },
  {
    "url": "http://www.australiainternetpokies.com/",
    "img": "https://images.opencollective.com/au-internet-pokies/72c3d0e/logo.jpg",
    "alt": "AU Internet Pokies"
  },
  {
    "url": "https://www.australiaonlinecasinosites.com/",
    "img": "https://images.opencollective.com/au-online-casinos/c0c9091/logo.jpg",
    "alt": "AU Online Casinos"
  },
  {
    "url": "https://www.casinoaus.net/",
    "img": "https://images.opencollective.com/casinoaus/402ed7b/logo.jpg",
    "alt": "CasinoAus"
  },
  {
    "url": "https://legalbet.uk/",
    "img": "https://images.opencollective.com/seolegalbet/7112b80/avatar.jpg",
    "alt": "Legalbet"
  },
  {
    "url": "https://mobogift.com",
    "img": "https://images.opencollective.com/mobogift/cae1424/avatar.jpg",
    "alt": "mobogift"
  },
  {
    "url": "https://automatenspielex.com",
    "img": "/images/sponsors/automatenspielexcom.png",
    "alt": "automatenspielex.com"
  },
  {
    "url": "https://slotoking.ua/games/all-slots/",
    "img": "https://images.opencollective.com/igrovye-avtomaty-ua/96bfde3/logo.jpg",
    "alt": "Ігрові автомати"
  },
  {
    "url": "https://www.5bingosites.com",
    "img": "https://images.opencollective.com/www-5bingosites-com/3ffb7e5/logo.jpg",
    "alt": "www.5bingosites.com"
  },
  {
    "url": "https://gamerules.com/online-casinos/new/canada/",
    "img": "https://images.opencollective.com/new-online-casinos-canada-2023/292db8e/logo.jpg",
    "alt": "New Online Casinos Canada 2023"
  },
  {
    "url": "https://www.casinoaams.eu",
    "img": "https://images.opencollective.com/renato-baldo/avatar.jpg",
    "alt": "Renato Baldo"
  },
  {
    "url": "https://www.instafollowers.co/",
    "img": "https://images.opencollective.com/instafollowersco/5c0cddd/logo.jpg",
    "alt": "instafollowers.co"
  },
  {
    "url": "https://supbot.com/",
    "img": "https://images.opencollective.com/vivek10/0aea146/avatar.jpg",
    "alt": "Supbot.com"
  },
  {
    "url": "https://www.correctcasinos.com/australian-online-casinos/fast-payout/",
    "img": "https://images.opencollective.com/fast-payout-casinos-australia/ac4fb8e/logo.jpg",
    "alt": "Fast Payout Casinos Australia"
  },
  {
    "url": "https://www.casinoaustraliaonline.com/payid-casinos/",
    "img": "https://images.opencollective.com/payid-casinos-australia/b67dfd9/logo.jpg",
    "alt": "PayID Casinos Australia"
  },
  {
    "url": "https://www.sportsbookreviewsonline.com/",
    "img": "https://images.opencollective.com/sportsbook-reviews-online/17b05a6/logo.jpg",
    "alt": "Sportsbook Reviews Online"
  },
  {
    "url": "https://www.overlyzer.com/",
    "img": "https://images.opencollective.com/overlyzer_com/34ddd64/avatar.jpg",
    "alt": "Overlyzer"
  },
  {
    "url": "https://www.slotsup.com",
    "img": "https://images.opencollective.com/slotsup/5a69a49/logo.jpg",
    "alt": "SlotsUp"
  },
  {
    "url": "https://www.nettcasino.com/",
    "img": "https://images.opencollective.com/nettcasino/df22622/logo.jpg",
    "alt": "Nettcasino"
  },
  {
    "url": "https://veepn.com/vpn-apps/download-vpn-for-pc/",
    "img": "https://images.opencollective.com/veepn-vpn/5e3715a/avatar.png",
    "alt": "VeePN VPN"
  },
  {
    "url": "https://casinolandia.com/",
    "img": "https://images.opencollective.com/viktor-atanasov/8904683/avatar.jpg",
    "alt": "CasinoLandia"
  },
  {
    "url": "https://www.casino-comparatif.org/",
    "img": "https://images.opencollective.com/casinocomparatif-tm/ee59a12/avatar.jpg",
    "alt": "CasinoComparatif™"
  },
  {
    "url": "https://releaf.co.uk",
    "img": "https://images.opencollective.com/releaf/b1db8e6/logo.jpg",
    "alt": "Releaf"
  },
  {
    "url": "https://famoid.com/",
    "img": "https://images.opencollective.com/famoid/90aac79/logo.jpg",
    "alt": "Famoid"
  },
  {
    "url": "https://quantumaitrading.net/",
    "img": "https://images.opencollective.com/quantum-ai/e27c380/avatar.jpg",
    "alt": "Quantum AI"
  },
  {
    "url": "https://www.socialwick.com/instagram/followers",
    "img": "https://images.opencollective.com/socialwick/e244614/logo.jpg",
    "alt": "SocialWick"
  },
  {
    "url": "https://twicsy.com/buy-instagram-followers",
    "img": "https://images.opencollective.com/buy-instagram-followers-twicsy/b4c5d7f/logo.jpg",
    "alt": "Buy Instagram Followers Twicsy"
  },
  {
    "url": "https://www.easeus.de/",
    "img": "https://images.opencollective.com/easeus-sofware-german/1fb5fa1/logo.jpg",
    "alt": "EaseUS Germany"
  },
  {
    "url": "https://buzzvoice.com/instagram/likes/order",
    "img": "https://images.opencollective.com/buzzvoicecom/c7477dd/logo.jpg",
    "alt": "buzzvoice.com"
  },
  {
    "url": "https://www.hityah.com/",
    "img": "/images/sponsors/guest-3f7631a8-2.jpg",
    "alt": "Hityah"
  },
  {
    "url": "https://www.cryptolists.com/casinos/",
    "img": "https://images.opencollective.com/cryptolists/b8c5829/logo.jpg",
    "alt": "CryptoLists.com"
  },
  {
    "url": "https://payidpokies.com",
    "img": "https://images.opencollective.com/payidpokies/7c3cbee/logo.jpg",
    "alt": "PayIDPokies"
  },
  {
    "url": "https://www.onlineunitedstatescasinos.com/",
    "img": "https://images.opencollective.com/online-united-states-casinos/375aa90/logo.jpg",
    "alt": "Online United States Casinos"
  },
  {
    "url": "https://aussiecasinoreviewer.com/",
    "img": "https://images.opencollective.com/aussiecasinoreviewer/0220731/logo.jpg",
    "alt": "Aussiecasinoreviewer"
  },
  {
    "url": "https://PlayAUCasino.com",
    "img": "https://images.opencollective.com/playaucasino/da52350/logo.jpg",
    "alt": "PlayAUCasino.com"
  },
  {
    "url": "https://detectico.com/",
    "img": "https://images.opencollective.com/detectico/ab36e43/logo.jpg",
    "alt": "Detectico"
  },
  {
    "url": "https://www.bogdancazino.ro/",
    "img": "https://images.opencollective.com/bogdancazino/9327bba/avatar.jpg",
    "alt": "Bogdancazino"
  },
  {
    "url": "https://dopoid.com/",
    "img": "https://images.opencollective.com/dopoid/6a53418/logo.jpg",
    "alt": "Dopoid"
  },
  {
    "url": "https://ezcasino.in/",
    "img": "https://images.opencollective.com/ezcasinoin/bbdb3c0/logo.jpg",
    "alt": "EzCasino"
  },
  {
    "url": "https://payid-casinos.com",
    "img": "https://images.opencollective.com/payid-gambler/05e5b3b/logo.jpg",
    "alt": "PayIDGambler"
  },
  {
    "url": "https://svitua.com.ua/",
    "img": "https://images.opencollective.com/svitua-media/640af14/logo.jpg",
    "alt": "SVITUA"
  },
  {
    "url": "https://safehamsters.io/",
    "img": "https://images.opencollective.com/safehamsters/5cafa64/logo.jpg",
    "alt": "SafeHamsters"
  },
  {
    "url": "https://buycheapestfollowers.com/",
    "img": "https://images.opencollective.com/buy-instagram-followers-cheap/0bd19f9/logo.jpg",
    "alt": "Buy Instagram Followers"
  },
  {
    "url": "https://megafamous.com/buy-automatic-instagram-likes",
    "img": "https://images.opencollective.com/user-7dc2b7a8/9319453/avatar.jpg",
    "alt": "MEGAFAMOUS.com"
  },
  {
    "url": "https://popularitybazaar.com/instagram-likes/",
    "img": "https://images.opencollective.com/buy-instagram-likes/a0a6c98/avatar.jpg",
    "alt": "PopularityBazaar.com"
  },
  {
    "url": "https://www.casivo.ca/",
    "img": "https://images.opencollective.com/casivo-canada/f38213c/avatar.jpg",
    "alt": "Casivo Canada"
  },
  {
    "url": "https://quickbookstoolhub.com/",
    "img": "https://images.opencollective.com/adam-smith1/9757439/avatar.jpg",
    "alt": "Quickbooks Tool Hub"
  },
  {
    "url": "https://vedonlyontiyhtiot.com/",
    "img": "https://images.opencollective.com/vedonlyontiyhtiot-com/avatar.jpg",
    "alt": "Vedonlyontiyhtiot.com"
  },
  {
    "url": "https://thepokies.live/",
    "img": "https://images.opencollective.com/thepokies/6f9353e/logo.jpg",
    "alt": "Thepokies"
  },
  {
    "url": "https://skweezer.net/buy-instagram-followers",
    "img": "/images/sponsors/skweezer-net.png",
    "alt": "visit skweezer to buy instagram followers today"
  },
  {
    "url": "https://views4you.com/buy-youtube-views/",
    "img": "https://images.opencollective.com/buy-youtube-views-views4you/6364714/logo.jpg",
    "alt": "Buy Youtube Views - Views4You"
  },
  {
    "url": "https://casinoenlignefrance.best/",
    "img": "https://images.opencollective.com/casinoenlignefrancebest/f22a59e/logo.jpg",
    "alt": "Сasinoenlignefrancebest.com"
  },
  {
    "url": "https://www.stormlikes.net/buy-instagram-followers",
    "img": "https://images.opencollective.com/stormlikes-net/42489b9/avatar.jpg",
    "alt": "Buy Instagram Followers Stormlikes"
  },
  {
    "url": "https://www.greenpromocode.com",
    "img": "https://images.opencollective.com/greenpromocode-com/75cec3c/logo.jpg",
    "alt": "GreenPromoCode.com"
  },
  {
    "url": "https://www.fruityking.co.nz",
    "img": "https://images.opencollective.com/fruityking-nz/de1ffa0/logo.jpg",
    "alt": "FruityKing NZ"
  },
  {
    "url": "https://casinosinlicenciaespana.com/",
    "img": "https://images.opencollective.com/casinos-sin-licencia-espanola/fa40830/logo.jpg",
    "alt": "Casinos sin licencia española"
  },
  {
    "url": "https://fortune-tiger-br.com/",
    "img": "https://images.opencollective.com/fortune-tiger2/d821e05/logo.jpg",
    "alt": "Fortune Tiger"
  },
  {
    "url": "https://useviral.com/",
    "img": "https://images.opencollective.com/useviral/29bff43/logo.png",
    "alt": "UseViral"
  },
  {
    "url": "https://polskiekasynaonline24.com/",
    "img": "https://images.opencollective.com/onlinecasinoprofy/85c222c/avatar.jpg",
    "alt": "OnlineCasinoProfy"
  },
  {
    "url": "https://justanotherpanel.com",
    "img": "/images/sponsors/justanotherpanel.png",
    "alt": "JustAnotherPanel"
  },
  {
    "url": "https://iboysoft.com/",
    "img": "https://images.opencollective.com/iboysoft-software/7f9d60e/avatar.jpg",
    "alt": "iBoysoft"
  },
  {
    "url": "https://www.socialfollowers.uk/",
    "img": "https://images.opencollective.com/socialfollowersuk/e327e52/avatar.jpg",
    "alt": "Social followers"
  },
  {
    "url": "https://greece-casinos.com/",
    "img": "https://images.opencollective.com/greece-casinos/9971c83/logo.jpg",
    "alt": "Greece Casinos"
  },
  {
    "url": "https://buitenlandseonlinecasinos.org/",
    "img": "https://images.opencollective.com/buitenlandseonlinecasinos/31294b1/avatar.jpg",
    "alt": "BuitenlandseOnlineCasinos"
  },
  {
    "url": "https://onlinecasinosspelen.com",
    "img": "https://images.opencollective.com/onlinecasinosspelen/4ce3830/logo.jpg",
    "alt": "OnlineCasinosSpelen"
  },
  {
    "url": "https://casinozonderregistratie.net/nieuwe-online-casinos/",
    "img": "https://images.opencollective.com/nieuwe-online-casino/8b2e24f/logo.jpg",
    "alt": "Nieuwe Online Casino"
  },
  {
    "url": "https://Nieuwe-Casinos.net",
    "img": "https://images.opencollective.com/nieuwecasinos/ee150d6/logo.jpg",
    "alt": "Nieuwe-Casinos.net"
  },
  {
    "url": "https://bulkoid.com/",
    "img": "https://images.opencollective.com/bulkoid_com/fbcd140/logo.jpg",
    "alt": "Bulkoid"
  },
  {
    "url": "https://insfollowpro.com",
    "img": "https://images.opencollective.com/insfollowpro/a070619/logo.jpg",
    "alt": "Buy Instagram followers Insfollowpro"
  },
  {
    "url": "https://au.casinologin.mobi/safe-online-casinos/",
    "img": "https://images.opencollective.com/casinologinmobi-safe/21f5897/logo.jpg",
    "alt": "casinologin.mobi Safe"
  },
  {
    "url": "https://viralyft.com/buy-instagram-followers",
    "img": "https://images.opencollective.com/viralyft/b853d22/avatar.jpg",
    "alt": "Viralyft"
  },
  {
    "url": "https://xn--kasinot-ilman-rekisteritymist-tqc46c.com/",
    "img": "https://images.opencollective.com/kasinot-ilman-rekisteroitymist/72c9e17/logo.jpg",
    "alt": "Kasinot-ilman-rekisteröitymistä.com"
  },
  {
    "url": "https://uusimmatkasinot.com/",
    "img": "https://images.opencollective.com/uusimmatkasinotcom/2115d80/logo.jpg",
    "alt": "Uusimmatkasinot.com"
  },
  {
    "url": "https://automatenspieler.net/",
    "img": "https://images.opencollective.com/automatenspieler/0c7ed57/logo.jpg",
    "alt": "Automatenspieler"
  },
  {
    "url": "https://kaszinomagyar.net/",
    "img": "https://images.opencollective.com/casino-magyar/a718b4d/avatar.jpg",
    "alt": "Casino Magyar"
  },
  {
    "url": "https://bedstespiludenomrofus.com/",
    "img": "https://images.opencollective.com/bedstespiludenomrofus/2a8e48b/avatar.jpg",
    "alt": "casino uden ROFUS"
  },
  {
    "url": "https://casinorevisor.com/",
    "img": "https://images.opencollective.com/casinorevisorcom/f2284bd/avatar.jpg",
    "alt": "casinorevisor.com"
  },
  {
    "url": "https://leofame.com/buy-instagram-followers",
    "img": "https://images.opencollective.com/leofame/2b658cd/avatar.jpg",
    "alt": "Buy Instagram Followers & Likes"
  },
  {
    "url": "https://vvslikes.com",
    "img": "/images/sponsors/vvslikes.png",
    "alt": "Buy TikTok Likes Free Trial"
  },
  {
    "url": "https://socialboss.org/",
    "img": "https://images.opencollective.com/socialboss/a644520/logo.jpg",
    "alt": "SocialBoss"
  },
  {
    "url": "https://route4me.com/",
    "img": "/images/sponsors/route4me.png",
    "alt": "Route Planner and Route Optimizer"
  },
  {
    "url": "https://popmani.se/",
    "img": "https://images.opencollective.com/casinonutansvensklicensorg/71b8d8b/avatar.jpg",
    "alt": "casino utan svensk licens"
  },
  {
    "url": "https://casinos-without-license.com/",
    "img": "https://images.opencollective.com/minsta-insattning-casino-utan-svensk-licens/490e6c8/avatar.jpg",
    "alt": "minsta insättning casino utan svensk licens"
  },
  {
    "url": "https://casinos-without-license.com/",
    "img": "https://images.opencollective.com/casino-without-swedish-license1/d902b80/avatar.jpg",
    "alt": "casino without swedish license"
  },
  {
    "url": "https://interpollawfirm.com/",
    "img": "https://images.opencollective.com/interpollawfirmcom/abb03fc/avatar.jpg",
    "alt": "interpollawfirm.com"
  },
  {
    "url": "https://cryptocasinos360.com/",
    "img": "https://images.opencollective.com/cryptocasinos360com/b7b967d/avatar.jpg",
    "alt": "Best Crypto & Bitcoin Casinos"
  },
  {
    "url": "https://casinosapostas.com/",
    "img": "https://images.opencollective.com/casinos-e-apostas1/2c80df6/avatar.jpg",
    "alt": "Casinos e Apostas"
  },
  {
    "url": "https://slotoking.ua/games/all-slots/",
    "img": "https://images.opencollective.com/slotokinguagamesallslots/logo.jpg",
    "alt": "https://slotoking.ua/games/all-slots/"
  },
  {
    "url": "https://superviral.io/",
    "img": "/images/sponsors/superviral.jpg",
    "alt": "Superviral"
  },
  {
    "url": "https://www.aimusic.io/",
    "img": "https://images.opencollective.com/free-ai-music-generator-aimusi/b3a3b60/logo.jpg",
    "alt": "Free AI Music Generator - AIMusic.io"
  },
  {
    "url": "https://free-chip-no-deposit.com/",
    "img": "https://images.opencollective.com/free-chip-no-deposit/dd08c50/avatar.jpg",
    "alt": "Free Chip No Deposit"
  },
  {
    "url": "https://casinovanger.com/",
    "img": "https://images.opencollective.com/sasinovanger-com/c3eebbc/avatar.jpg",
    "alt": "Сasinovanger.com"
  },
  {
    "url": "https://buytoplikes.com/",
    "img": "https://images.opencollective.com/buytoplikes/1113536/logo.jpg",
    "alt": "BuyTopLikes"
  },
  {
    "url": "https://musclemight.net/",
    "img": "https://images.opencollective.com/musclemight-bodybuilding/e015e32/avatar.jpg",
    "alt": "MuscleMight Bodybuilding"
  },
  {
    "url": "https://sportsciencehub.net/",
    "img": "https://images.opencollective.com/sportsciencehub/8509584/avatar.jpg",
    "alt": "SportScienceHub"
  },
  {
    "url": "https://thecolorrun.se/",
    "img": "https://images.opencollective.com/utlandska-casino-med-lag-insattning1/988fad9/avatar.jpg",
    "alt": "utländska casino med låg insättning"
  },
  {
    "url": "https://www.synetec.co.uk/",
    "img": "https://images.opencollective.com/synetec/40db1ae/logo.jpg",
    "alt": "Synetec"
  },
  {
    "url": "https://www.reddit.com/r/TikTokExpert/comments/1e4lbj3/where_can_i_buy_tiktok_likes_views/",
    "img": "https://images.opencollective.com/tiktok-expert-buy-tiktok-likes-and-views/a2c4344/logo.jpg",
    "alt": "TikTok Expert: Buy TikTok Likes & Views"
  },
  {
    "url": "https://www.inclave.casino/",
    "img": "https://images.opencollective.com/inclavecasino/59d94a5/logo.jpg",
    "alt": "Inclave.Casino"
  },
  {
    "url": "https://guidebook.betwinner.com/",
    "img": "https://images.opencollective.com/guidebook_betwinner_com/6babe60/avatar.jpg",
    "alt": "Guidebook.BetWinner"
  },
  {
    "url": "https://top.kasynos.online/",
    "img": "https://images.opencollective.com/topkasynosonline/435b69b/avatar.jpg",
    "alt": "top.kasynos.online"
  },
  {
    "url": "https://copycopter.ai",
    "img": "https://images.opencollective.com/copycopterai/e167216/logo.jpg",
    "alt": "Copycopter.ai"
  },
  {
    "url": "https://casinoszondercruksonline.com/",
    "img": "https://images.opencollective.com/casinoszondercruksonline/879284f/avatar.jpg",
    "alt": "CasinosZonderCruksOnline"
  },
  {
    "url": "https://w.in.ua/",
    "img": "https://images.opencollective.com/online-casinos-ua/2b5d565/logo.jpg",
    "alt": "Українські онлайн казино"
  },
  {
    "url": "https://novecasino.net/",
    "img": "https://images.opencollective.com/novecasino-net/ad229be/avatar.jpg",
    "alt": "Nove Casino"
  },
  {
    "url": "https://pomus.net/",
    "img": "https://images.opencollective.com/luotettavat-suomalaiset-nettikasinot/95e37c7/avatar.jpg",
    "alt": "luotettavat suomalaiset nettikasinot"
  },
  {
    "url": "https://buzzoid.com/buy-instagram-followers/",
    "img": "https://images.opencollective.com/buzzoid-buy-instagram-followers/4e17449/logo.jpg",
    "alt": "Buzzoid - Buy Instagram Followers"
  }
]
